name,board_token
Stripe,stripe
Airbnb,airbnb
Duolingo,duolingo
Notion,notion
Figma,figma
Coinbase,coinbase
Dropbox,dropbox
Pinterest,pinterest
Reddit,reddit
Lyft,lyft
DoorDash,doordash
Instacart,instacart
Robinhood,robinhood
Datadog,datadog
Snowflake,snowflake
Asana,asana
Plaid,plaid
Twilio,twilio
Squarespace,squarespace
GitLab,gitlab
MongoDB,mongodb
HubSpot,hubspot
Atlassian,atlassian
Canva,canva
Okta,okta
HashiCorp,hashicorp
Cloudflare,cloudflare
Palantir,palantir
Unity,unity
Discord,discord
Zoom,zoom
Box,box
Vercel,vercel
Supabase,supabase
Linear,linear
Replit,replit
Webflow,webflow
Airtable,airtable
Amplitude,amplitude
Mixpanel,mixpanel
PagerDuty,pagerduty
Sentry,sentry
Elastic,elastic
Algolia,algolia
Zapier,zapier
Intercom,intercom
Retool,retool
Confluent,confluent
Cockroach Labs,cockroachlabs